First Last,First,Last,Company,Domain
Lem Tingley,Lem,Tingley,Growing Spaces Greenhouses,www.growingspaces.com
Isaac Childs,Isaac,Childs,Rustico Llc,www.rustico.com
Dan Abeling,Dan,Abeling,Life Boost LLC,www.gettespo.com
Stephen Latkovic,Stephen,Latkovic,"Ghurka, Inc.",www.ghurka.com
Liz Carol Edlich,Liz,Edlich,"Radical Beauty International, Inc.",www.radicalskincare.com
Sonja Petri,Sonja,Petri,Helix Opco Llc,www.helix.com
Amanda Lea Domaleczny,Amanda,Domaleczny,"TULA Life, Inc.",www.tula.com
Chris Jones,Chris,Jones,"Body Details, LLLP",www.bodydetails.com
Tracy Wilson Peters,Tracy,Peters,Cappa,www.cappa.net
Noah Lefevre,Noah,Lefevre,Keratin Complex,www.keratincomplex.com
Carolyn Lighty,Carolyn,Lighty,Any Lab Test Now,www.anylabtestnow.com
Jeff Steber,Jeff,Steber,Intense Cycles Inc.,www.intensecycles.com
Kevin Patrick Kelly,Kevin,Kelly,US Blanks (LA),www.usblanks.net
Imran Karim,Imran,Karim,"Trophy Skin, Inc.",www.trophyskin.com
Lee Sossen,Lee,Sossen,HICKIES Inc.,www.hickies.com
Kyle Mastronardo,Kyle,Mastronardo,Nardos Natural Inc,www.nardosnatural.com
Michael O'neil,Michael,O'neil,"ROKA Sports, Inc.",www.rokasports.com
Goro Ishikawa,Goro,Ishikawa,Wear First Sportswear Inc,www.wearfirst.com
Denise Cronwall,Denise,Cronwall,Denise Cronwall Activewear,www.denisecronwall.com
Andrew Hamel,,,Prodigy Performance,www.prodigyperformance.com
