First Last,First,Last,Company,Domain
Brendan Caine,Brendan,Caine,"Whoop, Inc.",www.whoop.com
Luther Cifers,Luther,Cifers,YakAttack,www.yakattack.us
Marsha Fuerst,Marsha,Fuerst,Seattle Sutton's Healthy Eating Limited Liability Company,www.seattlesutton.com
Samer Kafelghazal,Samer,Kafelghazal,Virtual Weight Management,www.virtualweightmanagement.com
Emma Mcilroy,Emma,Mcilroy,WILDFANG International Inc.,www.wildfang.com
Stacy Ossowicz,Stacy,Ossowicz,"Trifecta, Inc.",www.trifectanutrition.com
Joel Jeffery,Joel,Jeffery,Desmond & Dempsey,www.desmondanddempsey.com
Theresa Slack,Theresa,Slack,"Shed Windows and More, Inc.",www.shedwindowsandmore.com
Kevin Bello,Kevin,Bello,Snapbac,www.snapbac.com
Alexander Boffa,Alexander,Boffa,frank body,www.frankbody.com
Norm Chew,Norm,Chew,Axis Gear Company,www.axisgear.ca
Cena Barhaghi,Cena,Barhaghi,Pink+Dolphin,www.pinkdolphinonline.com
Christopher Onyemenam,Christopher,Onyemenam,"Overton Enterprises, LLC",www.spibelt.com
Arte Maren,Arte,Maren,"Ulan Nutritional Systems, Inc.",www.unsinc.info
Kim Lieberman,Kim,Lieberman,Seattle Sutton's Healthy Eating Limited Liability Company,www.seattlesutton.com
John Kang,John,Kang,Adrienne Denese,www.drdenese.com
Carrie Powers,Carrie,Powers,Any Lab Test Now,www.anylabtestnow.com
Allison Velasco,Allison,Velasco,Afterburn Fitness Inc,www.afterburnfitness.com
Freshie Beth Lawrence,Freshie,Lawrence,Freshie & Zero,www.freshieandzero.com
Asako Nakamura,,,Mura Boutique,www.muraboutique.com.au
