First Last,First,Last,Company,Domain
Marc Sanch,Marc,Sanch,Beauty & Hair,www.beautyandhair.com
Damon Baz Redd,Damon,Redd,Kind Design LLC,www.kinddesign.co
Matt Lemman,Matt,Lemman,Jones Sports Co.,www.jonesgolfbags.com
Deborah Campbell,Deborah,Campbell,House of Lashes,www.houseoflashes.com
Stephen Gordon,Stephen,Gordon,"Guideboat, Inc.",www.guideboat.com
Abdul Attarwala,Abdul,Attarwala,The Mombati Company,www.mombati.com.au
Oliver Camilo,Oliver,Camilo,"Moji, Inc.",www.gomoji.com
Robert Esshaghian,Robert,Esshaghian,Belldini,www.belldini.com
Brendon Argueta,Brendon,Argueta,Live Breathe Futbol,www.livebreathefutbol.com
Eric Chung,Eric,Chung,Thu Le Tang,www.tulle4us.com
Barbara Stein,Barbara,Stein,"Cinema Secrets, Inc.",www.cinemasecrets.com
Elaine Tran,Elaine,Tran,Viva USA / Dippin' Daisy's Swimwear,www.dippindaisysswimwear.com
Frank Keppler,Frank,Keppler,Brew City Brand Apparel,www.brewcityonline.com
John Marshall,John,Marshall,"Elysee Scientific Cosmetics, Inc",www.elyseecosmetics.com
Kerrie Smith,Kerrie,Smith,"Sun Bum, Llc",www.trustthebum.com
Rob Piela,Rob,Piela,Gotham Gym,www.gothamgymnyc.com
Todd Allen Burk,Todd,Burk,"Trifecta, Inc.",www.trifectanutrition.com
Jon Polkow,Jon,Polkow,Innovative Scuba Concepts,www.innovativescuba.com
Ashley Mabry,Ashley,Mabry,Adora,www.balancedayspa.com
Jen Perry,,,Jelt,www.jeltbelt.com
