First Last,First,Last,Company,Domain
Brent Alan Gooch,Brent,Gooch,"Joylux, Inc.",www.joyluxinc.com
Chris Rickerl,Chris,Rickerl,Douglas® Sports Equipment,www.douglas-sports.com
Steve Powers,Steve,Powers,Sugar and Bruno,www.sugarandbruno.com
Karen Bell,Karen,Bell,"K.B. Socks, Inc.",www.kbellsocks.com
Beth Bewley,Beth,Bewley,Eufora International,www.eufora.net
Nicholas Pence,Nicholas,Pence,Bedrock Sandals Llc,www.bedrocksandals.com
Roy Francis Crocker,Roy,Crocker,Gym Pros,www.gympros.com
Erica Miller,Erica,Miller,The Woodhouse Day Spas,www.woodhousespas.com
Barbara Graffeo,Barbara,Graffeo,Rexist360,www.rexist360.com
Carmin Gabrielle Black,Carmin,Black,Half United,www.halfunited.com
Missy Neville,Missy,Neville,Helen Jon,www.helenjon.com
Bill Schultz,Bill,Schultz,"Alignmed, Inc.",www.alignmed.com
Drew William Divittorio,Drew,Divittorio,New York Open Center Inc,www.opencenter.org
Jere Duffey,Jere,Duffey,Legacy Billiards,www.legacybilliards.com
Chauncey Twine,Chauncey,Twine,Briogeo,www.briogeohair.com
Lou Moya,Lou,Moya,Tingley Rubber Corporation,www.tingleyrubber.com
Scott Cornwell,Scott,Cornwell,"Braun Linen Service, Inc",www.braunlinen.com
Nick Tershay,Nick,Tershay,Diamond Supply Co.,www.diamondsupplyco.com
Ben Hebert,Ben,Hebert,Natural Stacks,www.naturalstacks.com
Ruti Ruth Zisser,,,RUTI Inc.,www.ruti.com
